,Hyper-k_alpha_normal,Hyper-k_alpha_std_normal,Hyper-k_E_mean_normal,Hyper-k_E_mean_std_normal,Hyper-k_alpha_inverted,Hyper-k_alpha_std_inverted,Hyper-k_E_mean_inverted,Hyper-k_E_mean_std_inverted,Super-k_alpha_normal,Super-k_alpha_std_normal,Super-k_E_mean_normal,Super-k_E_mean_std_normal,Super-k_alpha_inverted,Super-k_alpha_std_inverted,Super-k_E_mean_inverted,Super-k_E_mean_std_inverted,DUNE_alpha_normal,DUNE_alpha_std_normal,DUNE_E_mean_normal,DUNE_E_mean_std_normal,DUNE_alpha_inverted,DUNE_alpha_std_inverted,DUNE_E_mean_inverted,DUNE_E_mean_std_inverted,JUNO_alpha_normal,JUNO_alpha_std_normal,JUNO_E_mean_normal,JUNO_E_mean_std_normal,JUNO_alpha_inverted,JUNO_alpha_std_inverted,JUNO_E_mean_inverted,JUNO_E_mean_std_inverted
0,1.2063766294979343,0.054194715695457,9.843671089433254,0.12545342086246494,1.385953378664989,0.04823425916208843,10.444699189227489,0.10589690259438764,1.4812572837434197,0.10647118314396875,10.637860392801617,0.22492169356496797,1.389532926826308,0.06106152633602561,10.73707921327364,0.13762889548573856,1.428332884893203,0.16391151286197328,11.243983104291441,0.43652450407132865,1.274780538350779,0.12601044736231135,10.935014864719117,0.35762772180237573,1.7381101274079405,0.09037165895218945,11.307802061742793,0.17312463647537957,1.548034585864076,0.07287627866306612,10.97057658070386,0.15061339503087148
1,1.2685858761428388,0.0517391673900422,9.998979712615533,0.11689474313063368,1.3283821419102817,0.047983106686507654,10.36434197933247,0.10830691220000865,1.539055294381196,0.06534793033910438,10.833747856504926,0.13598957212699717,1.3009500325927286,0.05021120656804529,10.480050824711588,0.11663768227762096,0.7906035658552522,0.12270974797593152,9.430947229419814,0.4176641630362753,1.028013689949367,0.09339668898219577,10.188086639354303,0.2897699948585835,1.5823594916025634,0.06570243414753518,11.182258402243175,0.13568749546152306,1.5997365807285273,0.047372424708005234,11.165179999825884,0.09672857985968061
2,1.2755960075600816,0.05926962708581672,10.057526560535148,0.13411224452502254,1.36051044194205,0.04964931156572913,10.418517315529881,0.11043964305468047,1.1227001744085443,0.0587310995055739,9.810726068506915,0.14328318984691188,1.2851579699285216,0.06650380378834246,10.446034178810136,0.15551936094157942,1.0716630498788617,0.1373036747352465,10.282796710990725,0.41760194114637006,1.272014736519579,0.14365622822979607,10.740339615128772,0.4016121008336289,1.7430314364270112,0.06707401215560091,11.345402850220992,0.12857455234852436,1.8538621419758097,0.07040511389364479,11.64257833801168,0.13057623649208694
3,1.275403095407277,0.051633074237608254,10.024532100673097,0.1164523023021337,1.3624716779436403,0.041268612664502255,10.409772843772771,0.09160696071949774,1.329960537464432,0.06177021566822687,10.252397370165134,0.13773879006484252,1.3375907596322272,0.0629880545478933,10.621002402066004,0.14496855228749814,0.7986460015213676,0.1061595933285291,9.353397658677773,0.3564493853203889,1.387191668577693,0.16596398129792247,11.07581964588939,0.4462099665876918,1.6191335907325952,0.0839214477771038,11.150592194421469,0.1692782495065639,1.7454512762879713,0.06027952700967179,11.379653049851798,0.11574433248364821
4,1.2810887949623226,0.04831084608024898,10.051780740595257,0.1088681150221127,1.3759881128688487,0.04011554012720733,10.401915668347803,0.08823900128012829,1.357004996861535,0.07686317087139762,10.46135581032498,0.17207213536283741,1.3111507243546279,0.06073292099621765,10.557121162908242,0.1412348934232886,1.113051673712871,0.13557397796069826,10.29403999883131,0.40193168506354976,1.0549025396058018,0.11417104608929587,10.251624962553075,0.3500565717541227,1.5676523433717398,0.08419761982757988,11.136191905099128,0.17463179217201022,1.6396137896461185,0.0683169584738621,11.183512658659492,0.13663141402056447
5,1.2031098833995078,0.0455700661482894,9.9443377095922,0.10682773960632216,1.4179723333463985,0.03862720174185441,10.524152322661742,0.08381843804267987,1.3615729914928432,0.06496660905083561,10.463107933296003,0.145053725936824,1.518117984079482,0.05801014123212995,10.980105128465704,0.12390603714340977,1.0775643597606948,0.15508690188802676,10.233353702313106,0.46778306796801483,0.9255351407608925,0.1303722172454613,9.790238459422591,0.4175771327033538,1.651715216946168,0.07871555002797463,11.272285996380122,0.15759954182487726,1.7165638944173933,0.08349171988176281,11.312952852396982,0.1618930368353765
6,1.2262935714577823,0.050538878710035054,9.981848399482276,0.11714277008687679,1.404820540615761,0.03928254087894084,10.474619409310941,0.08550696323471121,1.3333429751750092,0.07202569771545192,10.310688571967805,0.16120671472263917,1.483737837210611,0.07623209139817419,10.86184895439872,0.1643030391202926,1.2945426506578614,0.15464017511303135,10.824019708950656,0.42963302815265936,0.9043529168245997,0.0927459775373047,9.628152609869451,0.2967798157482349,1.5061530107973904,0.07858451224146308,10.783578313317143,0.16359800818467848,1.691592695563165,0.058344819533237904,11.317539875525092,0.11472907385242116
7,1.2677810011222317,0.0533965472115493,10.035918901154185,0.1211608125575507,1.350019135809126,0.04214198874259593,10.382441182004579,0.0940155613891592,1.2452843526926292,0.04628007286995817,10.170238246446159,0.10801485753586938,1.2824121542530356,0.05672872613399722,10.594883945742207,0.1348426642868369,1.2454452925131214,0.1367217613695272,10.685204634671207,0.3865386155265244,1.5246272506484666,0.13501315019237017,11.422881938914287,0.34578216100627895,1.4857799192407757,0.08478961633035693,10.73854649724828,0.17789748537375397,1.6818577320278698,0.07476689347875738,11.334315332450238,0.14802489727931195
8,1.2858238038085517,0.04680345120925036,10.112547747810748,0.10580801543647257,1.2964189157082089,0.03497169402341682,10.32299450541814,0.08021336042872364,1.3876336811159824,0.08158245058896577,10.466760684357851,0.17931735442861063,1.4076482545649083,0.0483854936016296,10.813962427086546,0.10865618660346413,0.9876548958698301,0.12571041308509356,9.84715328739657,0.3881057577328662,1.352063543293038,0.10936869234597861,11.11678230178814,0.3011235990698241,1.3764153954774634,0.06461148979793656,10.57528840067448,0.14257095246696103,1.6704275963743629,0.06436036233998291,11.322227836920291,0.12809054890117738
9,1.2205112475354916,0.04593023507340548,9.891283684390267,0.10586570006307676,1.358421514092001,0.035636109907095516,10.406142784552415,0.07927416357990687,1.3904157487392088,0.06511821368797098,10.585263229505488,0.14455450444799522,1.4744488036841195,0.05238941166887311,10.831294836995719,0.11320822283193419,1.015624431674042,0.10840925117688148,10.010719598732729,0.3335997338026052,1.5985343886655685,0.12065572672872503,11.614155613625893,0.30147761849621224,1.4311284621253344,0.08431419781577688,10.738740698923085,0.18273082509188118,1.5047092229873538,0.04965633049914613,11.043550017991961,0.10592281069620471
10,1.2715592403831903,0.052896396883599366,10.016951919535972,0.11950244874740514,1.3817841973239855,0.04071475472918159,10.453803339003212,0.08969764474827394,1.265544017235608,0.06430435771638744,10.1976735356535,0.1485468549411139,1.465332630885501,0.06866831048514041,10.85171587242313,0.1494818294301681,0.8396678050455783,0.12453420004656283,9.352944066667751,0.40593021357084075,1.205749426935653,0.13047838707330175,10.575027380340012,0.37430092469846915,1.5403077316880291,0.08546148280509334,10.838537446414248,0.17530368389950687,1.7011196075427912,0.060210947430952656,11.33920066114376,0.11800663120580686
11,1.2636874821860915,0.04978655169688571,9.988788451513349,0.11271915098044555,1.415037586922292,0.03999010640613699,10.52957950654297,0.08697666250609846,1.379729557723958,0.05208034948461759,10.538237282710778,0.11583897910273758,1.3509084687735864,0.06044873004914462,10.624191609688829,0.1380183931161254,0.8776416661905513,0.11981861919173624,9.672065572920138,0.39230033659605235,1.5229823248776762,0.17458547421696807,11.39897248040182,0.4466654744454293,1.466582085122621,0.06232452129276529,10.795313656693946,0.13294031159536673,1.6680825248315547,0.0726474748044189,11.3187205880629,0.14472639436849302
12,1.2649080255636262,0.051596174561479906,10.037850378502016,0.11731503873902231,1.352923056001194,0.03874305070351904,10.38642477459029,0.0863111489598635,1.2226345783788466,0.06185369669953151,10.109217520674537,0.1455991837768515,1.4686834176586077,0.03800786280411746,10.850804199534894,0.08256615367857735,0.9099699336698793,0.12617902858728502,9.729387035837293,0.4061422663895477,1.0376071149033284,0.12468186293456969,10.2244475544084,0.3856800231740382,1.6107389241223962,0.07590731812555769,11.14945669071113,0.15382103332321845,1.783102566278701,0.10125998628479213,11.392559560823814,0.19077130879042314
13,1.3282224178163093,0.053179778931971684,10.151409161841798,0.11750741735208714,1.4044852107240189,0.04480027427902149,10.496119784879559,0.0977440139111693,1.2761575834836008,0.07099343531942068,10.193767671391774,0.16282336341072093,1.4099820799250986,0.07218956793523552,10.781127632466191,0.16137483150077322,1.2632006883094735,0.16098349484122623,10.612180926722047,0.4474198240486329,1.038442647562547,0.1446052225941492,10.09123513414053,0.44162502985001506,1.631750375613077,0.0792675527468835,11.045858816461903,0.1572932366009905,1.774472845760144,0.04289022374886647,11.496887790657592,0.081911510231732
14,1.2437544617478848,0.0486547389875213,9.95396595564707,0.11118230462669652,1.3912542256843894,0.0392621198101008,10.44040971167681,0.08588294904049587,1.271753524575332,0.06803985673760811,10.177614338910907,0.15623437819090813,1.3658814585439811,0.060888155156384335,10.690761797789131,0.13862855384503892,1.1746576568562024,0.14119022857746838,10.479107148067976,0.40940241701641317,0.8026466198146724,0.10340296372038385,9.480830820152566,0.3505985699669412,1.7821343052139789,0.08300800769145117,11.307542345369159,0.15531095526313127,1.6421588215325609,0.07898269933225466,11.20133504473808,0.15798723508650492
15,1.2827170123347804,0.04365402439128776,10.078298839037508,0.09853888508505666,1.3417146986346393,0.04230155538114692,10.379247327962341,0.0948305799691307,1.3673154347287253,0.06997431466830469,10.31655910336778,0.15343280740416895,1.267623700119288,0.06803736231037331,10.415593953482563,0.16041533094864605,1.050607363757479,0.11401976606921291,10.030177894812319,0.3435061785258783,1.2532089584407538,0.12936078370252718,10.739072168975689,0.36572227698809984,1.6685802638261102,0.08665930741434642,11.25028137928092,0.17156123533926065,1.6056128556160614,0.060462091450259534,11.204475796238539,0.12347551546756476
16,1.2948742198187133,0.04993729662950956,10.099185255739856,0.11209182895900834,1.3537642658967561,0.03950344493517367,10.372822637095139,0.08784042695814456,1.2545130942744536,0.10015534798465643,10.052244412979565,0.22959214478185894,1.2167627867922368,0.05860589443539731,10.410713220982034,0.14273518810406402,1.5294693189519,0.1613082620905956,11.52391831678363,0.4154135451905416,1.2105785447224406,0.08876041682109193,10.6472399257454,0.25548516760964185,1.570558145615887,0.0721933024352949,10.949560427612804,0.1470122458766806,1.6614478658229594,0.07094230035576897,11.29073265417095,0.14150142226043713
17,1.2844332036957258,0.054390832934689395,10.041062113465472,0.1221737156935102,1.3972081163840313,0.04003865239595709,10.48287153935326,0.08762950868539658,1.5328626277266895,0.06474012760581034,10.824395702568475,0.13508950427690064,1.400649092257314,0.061510722516603285,10.761195573790701,0.13802231110593624,1.0372616302134556,0.094843451588414,10.185342684584569,0.2923989617405471,0.9165996787903711,0.16833796237569812,9.642765806445992,0.5348752998873204,1.4821466746084873,0.08535179375715475,10.712825801670139,0.17903613922197517,1.754450909501597,0.06548924802018521,11.523403521650591,0.1267054992368931
18,1.3129437659810577,0.0608417563931459,10.108965948658659,0.13515050202221227,1.320549052239569,0.03975561032374213,10.31937481052696,0.08977490735562807,1.475044229389465,0.05776019132540611,10.665786149356954,0.12280152479972781,1.4543713468409647,0.07674817604383365,10.835375330157818,0.1679051446558691,1.3080266704191545,0.1603644395470511,10.916215401694442,0.44548756859533756,1.3848791350163328,0.16168095824572398,11.09365548455317,0.43592511136151874,1.5798746470302902,0.06521461525408503,11.031659875947582,0.1330761011808054,1.4705345887890244,0.056273732894693444,10.899485733108056,0.1208935466294011
19,1.2524337464209252,0.055508379038840226,10.003821413248712,0.12678418544036024,1.3781784253834246,0.04009620912870757,10.439059113164546,0.08840212123665694,1.3154641673840342,0.06255076575174155,10.250044617515947,0.14072184650579975,1.3763746787715943,0.037196791973280664,10.828159288579117,0.08525787470076708,1.3225103339640523,0.1479088133333004,10.787534560485861,0.40292301216613935,1.0538661301101961,0.1425598899120558,10.184188670844929,0.43470870164352193,1.5936347459088414,0.053844886159127484,10.970970780993046,0.10842928277525546,1.6717086972250301,0.060064797352752594,11.28830380400116,0.11910319219412281
20,1.293397322445205,0.05757651415631136,10.054335117451899,0.12876871160406028,1.3588947657355503,0.03747153283274192,10.382386386317775,0.08313654563550901,1.403475878232727,0.07449415590601945,10.438490975405484,0.16170799842674982,1.4482132090011466,0.04766795562479177,10.791337978104947,0.10423107762651626,1.388777554662324,0.14472453095838148,11.009469779290187,0.38658716608320454,1.0451713666754545,0.14511217691909722,10.396741792743587,0.4536838652780643,1.753338399108102,0.07854557285801005,11.442881854444009,0.1510053008879807,1.7192965035467038,0.08518538120271488,11.43689077979637,0.16671944790905416
21,1.2373236620770034,0.04711826465582456,9.973043886521243,0.10833461741352239,1.3283940876705498,0.03584248075072353,10.329957466753406,0.08062600569485702,1.4480801159323256,0.08025848095879577,10.547107795730357,0.17140874846204338,1.5196607015941497,0.0685067887430135,10.900658007740919,0.14510186613793508,1.0904675143770008,0.13485882996803839,10.278714664352147,0.4050683042646711,1.0481665135265168,0.14755669184755268,10.181983414392356,0.45153258672082214,1.5840123583093335,0.09307626673918677,10.925702786612714,0.18768829566075554,1.6902856383864644,0.052379928331479766,11.409604420883369,0.10390277186888774
22,1.3559917078822852,0.054743046136367525,10.186288152632024,0.11930574347076564,1.3507327426439382,0.04726647838103901,10.368508802781008,0.10525533221294092,1.2016789411376714,0.07644864416945603,10.017791335004043,0.18074695565895427,1.4295221032608694,0.06692475846725104,10.856305340726047,0.14891067585074286,1.2430126764574188,0.13878764242292024,10.887940599884573,0.39989842472137815,0.989836106924818,0.11372202099878664,9.916950615277951,0.3528989657092668,1.5453032929819939,0.11200445706264847,10.96354879125143,0.23169677707557992,1.534942692240001,0.05436133864115835,11.05227585061074,0.11403112528488679
23,1.3118690688047105,0.05595254089374463,10.052385064009956,0.12365683697726951,1.350966737791113,0.05234854189343865,10.330903944695475,0.11611953482112937,1.5229193520747784,0.07605481518968266,10.802642583023989,0.1592894271057968,1.532410964332676,0.060649253769542104,10.992947586437946,0.12862385789143257,0.8198261953736405,0.13576506150905884,9.480762461183625,0.4546254181164631,1.197761406867157,0.12100171452901565,10.558976964272214,0.34833335150887845,1.6370057542197534,0.07023989171610491,11.267008357683475,0.14171953211344557,1.7100872826302178,0.07480052479768588,11.327602368707042,0.14573837192862368
24,1.2973988534055683,0.04355303710939003,10.129236831583365,0.0979041106805579,1.3291175594611033,0.043786128139848224,10.346800687839902,0.09861569246168372,1.3342809813537213,0.07416966245874011,10.277340517023191,0.16535482666381693,1.4281846873571442,0.06756952451137369,10.855332374483131,0.15045270922010176,1.0088108987279027,0.1526735700668265,9.977632410272273,0.4704842815310873,0.7816690546737948,0.14909130685048314,9.203856895807267,0.49926744793120936,1.6885061909587418,0.10096669653934372,11.151870808603716,0.19599930182791228,1.514520048454501,0.05429662032357512,10.93079727437537,0.11400039046281932
25,1.2005619293666856,0.05233607093172786,9.842263643448003,0.12159764912223343,1.3049288307259899,0.04012839105351727,10.326899757345702,0.09158212797517129,1.1668328348317405,0.06904312207064402,10.05806537165939,0.1677438145740047,1.4463827623377377,0.05015263494897961,10.85141709192446,0.11041527631251759,1.0215247859596737,0.13135383263839243,10.025476522186594,0.40318397265661315,1.049859821521022,0.1541660775450151,10.126055073460533,0.4688206229250226,1.5726452796233485,0.0734543047701023,11.125843514515529,0.15177674567491423,1.503531676747179,0.06445344885464209,10.991903072933074,0.13694598493160376
26,1.2617096559510066,0.05940635375981704,10.017984937116939,0.1350753453922011,1.4049530307542502,0.03448080374210433,10.529736640788366,0.07545639796174904,1.3191216638860266,0.07307078192719071,10.350961710400538,0.16567532934404333,1.4579883118095607,0.06893716886470985,10.806301626818577,0.15007444882994417,1.246895607872176,0.16292050766191124,10.749599656058358,0.46278407162112384,1.3821055148625485,0.18593614090628308,11.118330329813887,0.503162242103894,1.6171915590527457,0.07744550089799167,11.06931310999872,0.1552600216737966,1.4448655663729082,0.05774029400184294,10.79821063762098,0.12479310623582865
27,1.1615214254259332,0.04656915046292428,9.799278441240753,0.11054254471980436,1.3385447641160615,0.039115048458364186,10.376745764498912,0.08783888936970323,1.27931757782484,0.07796562852484254,10.218074914423482,0.17889163862859747,1.3352726126529004,0.05469360819404524,10.583983876576431,0.12560826340665618,0.750108321696061,0.0887078518086961,9.308000147072237,0.30730166744290033,1.362530405195378,0.14141577728067917,11.105442265322104,0.38662727565802635,1.5117487597990307,0.07379959350131626,11.001922403674051,0.15619524738631088,1.6843812097354363,0.07016176704611093,11.363637461642409,0.13907020864455755
28,1.2842674284233744,0.05176527489654724,10.073644452146526,0.11667713790456861,1.3923668594999188,0.04565130199815314,10.474885024438763,0.10013080891707164,1.2530472306600824,0.07344303408445857,10.225019973299787,0.1714997972860346,1.2916888655937089,0.04794746309277684,10.493128776027465,0.11217902416128561,1.1756102750246658,0.1506598756362866,10.732986726048653,0.4464550807886813,1.1861373496330374,0.1351126659082158,10.687304520665577,0.39619453223030265,1.509963767616795,0.08521734902537448,10.838344314221667,0.17789916798151062,1.7092991089747416,0.0674796209301987,11.417780596359567,0.13256667999581356
29,1.2635269091309853,0.05271332232623208,10.000535828352623,0.11950236561922824,1.3784536332088042,0.04077013520944761,10.43366784439826,0.0898248758316141,1.409699848646876,0.06979484728580912,10.592202465228121,0.15322811571832462,1.3313861642470624,0.049877382348860536,10.565438566039665,0.11461870111321244,1.3818291607277944,0.1358447279462412,11.07622796937407,0.3663737608996893,1.3627938004350988,0.1178352970657733,11.257275690879368,0.3262079840032443,1.3863775160806782,0.08813510362408969,10.476444604103314,0.19152089295683777,1.7701771711623073,0.06651941456864716,11.483011601984797,0.12717762382354283
30,1.1793266482823068,0.05622988044324401,9.808388023868591,0.13202468328342482,1.3945168140105146,0.04455262758234517,10.48595725027755,0.09769903260440026,1.2866904238191514,0.0968440434758466,10.118928671719443,0.21895558549724078,1.4299253376818504,0.05796623472087026,10.84603870518392,0.1288203927758862,1.038927421332018,0.11730959345239039,10.235239792344629,0.36291803993609756,1.2002864110158924,0.14630932846578637,10.464833211593637,0.4170428198639071,1.5716018051934504,0.0917053446119185,11.030932957422221,0.18800373682066798,1.6910879317835814,0.06845213978572595,11.330323234577302,0.13479166257264516
31,1.255506581873303,0.05139347039888031,10.032979475646824,0.11750458971958608,1.3024922280903022,0.03890694464437841,10.292944163384625,0.08863021132317186,1.4240735488673286,0.06129247377742464,10.500672738408467,0.13220511738045113,1.3545650248519503,0.05191770880773444,10.549836540576075,0.11741830230147919,1.2544693016115247,0.13460043037243288,10.682355734655891,0.3783773194631018,1.0501594632573161,0.1462543381099476,10.050493937426317,0.4415796412720873,1.7521423408222907,0.09084143159036663,11.322290974671,0.17293478974736604,1.76497023839396,0.0722831648107511,11.531362733237138,0.1391596963176408
32,1.2679253976200269,0.05669575175321175,10.016216497729799,0.12837499426560695,1.3714435296577703,0.04737272963575101,10.408051602370932,0.10455780290999432,1.507423831281255,0.08614669807549583,10.622409798722401,0.1789310873524255,1.388279749909412,0.06040209234998499,10.734753189337344,0.13621660886292958,0.9508583588053531,0.1419713913782638,9.944964541165518,0.4535080590406656,1.2143491119753094,0.1827975214994438,10.744987088865981,0.5294320223528878,1.5399397691472798,0.08429925109893882,10.923049415843888,0.1742864012749341,1.7344386022376006,0.07928947993007242,11.369710372396243,0.15301960077441532
33,1.2914434662139191,0.05381237982633935,10.026847396436077,0.12016050932130465,1.3633059002634447,0.05018805343273895,10.417619488620598,0.11143517716743069,1.5090831663066882,0.05525159142626297,10.779797754180281,0.11640442908073213,1.394012980738997,0.05897221401364545,10.777958237780103,0.13307654970817806,1.3883425930018878,0.14705609558332905,11.22848310957292,0.4001749202851482,1.2627698293701677,0.1620520781857243,10.697995244298324,0.4538918993425426,1.8292506435482345,0.08151245400164626,11.498729191165795,0.15125621439007475,1.8701652647515012,0.07997616349543997,11.699703740195437,0.14779401802884717
34,1.301075954276463,0.05205178083378557,10.085898514303777,0.11622167260620847,1.348980178031491,0.04371361417944642,10.357297288208699,0.09734110085327681,1.2093788320339585,0.07480351756236576,9.927018791159623,0.17432425166660956,1.3444017040239415,0.051405866646706114,10.67859896153471,0.11846915307453985,1.1172708540889673,0.13879788384835015,10.39901170255453,0.41428524037538905,0.9568528592777049,0.15438167615105983,9.825126418052635,0.4856128862203672,1.4768655556304455,0.09633931008796263,10.8443812567198,0.2051669551427207,1.7553190847404,0.0866524466942346,11.319434046603648,0.16463827657497954
35,1.2701591823801721,0.05356639727652236,10.042003463759224,0.12143671701417838,1.3356279774099713,0.04071592070850546,10.338464642087239,0.09125229834594159,1.416595156650224,0.07658010694154162,10.486448713570693,0.1656975965279371,1.3953344934395047,0.06124090648162781,10.808697865599251,0.1384906930132161,1.1416064590747015,0.15210191169679602,10.329371678164437,0.44426590292712276,1.3524055353457398,0.13370151699477004,10.961272872579656,0.36325452062261016,1.5062593845732373,0.08366703398565975,10.828112167120478,0.17487719834540122,1.7113696053142193,0.0762607778943176,11.238854949765004,0.14732988598466076
36,1.2976715676376371,0.05933987679184935,10.120205155296022,0.13324621210481952,1.396390299856167,0.04155729299805746,10.469136380742667,0.0908756750425923,1.388817192931092,0.0480175270317076,10.482962896647582,0.10563392760084639,1.4089279375778745,0.05528690210298266,10.785202096996324,0.12371745619428781,1.0258178945600849,0.10831784459005571,10.047543284953143,0.3322156395972633,1.1038385212355142,0.16112353426977433,10.30205359608745,0.4808429439889824,1.5202940104770308,0.08233329879809943,10.838406979867404,0.17085048850115223,1.8437047069082981,0.05814095838946404,11.562358599999486,0.10766244156311545
37,1.3148168682741255,0.05832468879699535,10.136266775755685,0.12976650127405653,1.312825869978948,0.04894820348576443,10.27939535785484,0.11062857815501882,1.1782110586997547,0.062408994749676004,9.941122133969424,0.14868247018023242,1.3212570411812798,0.06589856498443748,10.554373091678668,0.15223551345143904,0.9622207388617062,0.148043958670858,9.757672998858629,0.4610119049147882,1.2811210551581265,0.13143483860561084,10.803744786349254,0.3674543535813749,1.557839504904833,0.08105862856462735,11.09049514526955,0.16838188128141582,1.7606401069605937,0.07805359046620108,11.514270903729491,0.1503963481790872
38,1.189922612832769,0.046608394451844774,9.868731585256574,0.10935515754779904,1.333077693861092,0.039805339481492785,10.360889856824288,0.08955366286960373,1.2219704316267666,0.06770523384179146,10.128223905851645,0.15975086296582855,1.4213794297155142,0.03925853385930403,10.850298518435915,0.0877325031855577,0.9817777185699809,0.1318729461309225,10.005383127217335,0.41486762315134285,1.5515048292168152,0.16522755474504505,11.54836785073169,0.421242747792025,1.6926853191087823,0.09601881531510725,11.129453928522278,0.1855991155980711,1.6440473435648728,0.08022925024734483,11.232728470625467,0.16075617060328729
39,1.2486356112971233,0.05099648256917872,10.006347988911202,0.11679528262084754,1.338710803392633,0.035974144201466315,10.387601699541278,0.08086424686972227,1.376621313370036,0.092412497647312,10.376892836141494,0.2026891422138691,1.403358597863704,0.06492653186966692,10.795181289153819,0.14592046152453308,0.7937245286079271,0.11916406563492234,9.31539624497477,0.40002601339416377,0.5473724272144195,0.10489147583884412,8.398705305248797,0.38683441177589206,1.5198682051712757,0.08877354079189718,10.78923346476375,0.18343595560142228,1.674927925780693,0.06749138861529856,11.269112351737396,0.13336786402207054
40,1.286263776318023,0.05591329030639681,10.047309718386943,0.12552742970300093,1.388666090802438,0.03990345434685682,10.495009441326546,0.08789594857612427,1.2268789299419955,0.047609558738538775,10.101368918707312,0.11167033358926938,1.4836624117739745,0.06653096938834316,10.906084213542098,0.14400363322512202,1.0483390679278177,0.1507507501703287,10.3155481475876,0.46690167162356794,1.06058672074237,0.13233808837796138,10.01793838975455,0.39566017299017003,1.6041479144805844,0.08901309964340667,10.988121276688297,0.17846265733755806,1.7419336690584724,0.08495008638041095,11.444334007432852,0.16434294476171488
41,1.314346355623211,0.03992467429376492,10.187285457360975,0.08931561128676085,1.4219643770426522,0.0449557170722948,10.531295918930295,0.09738352107987222,1.3194916249075022,0.06719734958752999,10.402357810255625,0.1531023532786423,1.3283888610471244,0.05919116692909363,10.546814014023894,0.1360297633547531,0.9663319317459242,0.16149913521569823,9.814473869006395,0.5042376840192483,1.1037550925408026,0.15808464378757792,10.406748467250647,0.4762691102730835,1.593486472796271,0.09829689523118837,10.919931745471537,0.19705181778245554,1.718164317229892,0.052297225655173536,11.354027508310528,0.1016816404649596
42,1.3104152815367864,0.05068856644708152,10.130297666710353,0.11302179594596118,1.3392445630293457,0.04493448173421949,10.337296962835891,0.10046800866630408,1.1026356636337427,0.06760811569343274,9.75684520722609,0.1662722001714601,1.3506323343239164,0.0449265863309123,10.711091066895644,0.10346030004159192,1.046848718399003,0.11510522388452375,10.293801343244164,0.3561463017069294,1.225830158351414,0.12778869295371717,10.80537538803247,0.369445825805844,1.5467391149118666,0.09090936158401619,10.901102105514136,0.1868474230693009,1.6110145801406592,0.08512632423417328,11.176411411969129,0.17288794454255738
43,1.2499532084330596,0.047821401280021644,9.996885595245434,0.10932375328730072,1.3398946845443205,0.044052851585842816,10.373607229506215,0.09881336984709405,1.1602510495762217,0.06391264209448286,10.063144269941718,0.1560446312551754,1.535281687506209,0.07087319410694409,11.130682853809695,0.15199866864663533,0.9804151458353542,0.11490038289816538,9.885916923849033,0.35776863725858304,1.0221404720863605,0.1266500598723736,10.202528247581933,0.394990659117772,1.7553584372351274,0.08152521056790568,11.279664054474226,0.15435538604044366,1.6990528185878448,0.08053629278860568,11.193513963904541,0.15601328239171428
44,1.2862825161861653,0.05092860133641432,10.062502386687285,0.11451334561286795,1.3511630393420118,0.04202871386146496,10.415818260512372,0.09400680198466785,1.3826005526067693,0.08488029249611162,10.408939000714874,0.18607652658193877,1.4712461699579962,0.047689958986741075,10.945903115319497,0.10437729363900122,0.9877158681850378,0.1516680956098548,9.763253991821902,0.4645057804136904,1.3197855793939857,0.1566521482265748,11.055738830896827,0.4373015268615066,1.3488253222441033,0.07629203229583156,10.48768649867334,0.16982505648012755,1.8688621056069061,0.08555670230328344,11.569032962910953,0.156462906846103
45,1.2453701551491025,0.052704221018714886,9.95728233612776,0.12035119772761425,1.4422020317903255,0.042235587413789466,10.551103040503977,0.09055706441590668,1.4957073332930368,0.06704587281019986,10.654261849769341,0.14065498023243464,1.522850338941542,0.04558768571779546,11.033953644548191,0.097595795254238,0.9269085740209964,0.14425062457557805,9.81515900071488,0.4626905767435223,1.1339598918682414,0.17617523178040922,10.465789984113677,0.5234285841038115,1.6813272948014906,0.07407648915409779,11.139375548327315,0.14420698223397696,1.8446846574874207,0.09414852067894076,11.659810252034333,0.1757048752973477
46,1.227642031705685,0.05467111517020056,9.936318963258355,0.12601516103916674,1.3469940706415862,0.03773190582705188,10.369588449614369,0.08422787845387046,1.2745008424027762,0.08980825604047381,10.12945740594407,0.2048539485498352,1.4823161304926185,0.07164037013258186,10.90489438193951,0.1551687754465278,0.9534951386173534,0.14010394367009904,9.8620853799975,0.44326011708690394,1.0691135051155898,0.11509421864872776,10.326713134572348,0.3520297335405353,1.2679806906252602,0.11093234739475175,10.272322755081209,0.2545192164429728,1.6287492516125284,0.06933883743304334,11.261563094418031,0.14048069999816126
47,1.282448309677931,0.04394802608711358,10.108676273201286,0.09952758738935148,1.3639627173433853,0.039369234162912284,10.420759888791592,0.08740524829963688,1.3289728852039155,0.07729525196070547,10.419326623048335,0.17535905980871913,1.5386566393272312,0.06369647210191302,11.071809393307847,0.1355950533082792,0.958363456796979,0.1251787535490104,9.97964251506765,0.39912660639189207,1.322902874191815,0.12534223501432354,10.959469048092265,0.34642452346882885,1.467511878293676,0.06664403445889844,10.738254043526041,0.14133549145274596,1.598987893540942,0.06020300246579416,10.97991400381304,0.12096384213701053
48,1.24154614185367,0.04959475154017724,9.973820447962929,0.11372569136532192,1.3596940773304107,0.04057543715916216,10.433969565771893,0.09043950061577187,1.386573305987904,0.06057908681416202,10.4658124752896,0.1332263101045271,1.3665418221494474,0.05923945721372115,10.59716522728546,0.13360320153286842,0.9463747544896258,0.13418869959082863,9.884132439824807,0.4275012054606692,0.9262545618521473,0.12220491357057238,9.895295079713668,0.395147463257567,1.6891844525411075,0.08332790332867497,11.165211875713704,0.16188935628417167,1.5669321437092565,0.06396901780558176,11.122035913081705,0.13256412210632737
49,1.2498742655231994,0.04717022544594869,10.006777610534549,0.10795047312413497,1.4003030462803832,0.045530281477449114,10.522849182562208,0.09985194073594082,1.261179944036086,0.07383297289691254,10.075622281817736,0.16893005989726018,1.3875797378825254,0.055713945037726635,10.756665050924042,0.1259625002901892,0.7756274497066364,0.1346286447671531,9.176201357308111,0.4515694783989963,1.08795905888389,0.12361238367402194,10.239676303753697,0.3705704066769294,1.59132359458535,0.061914458242483573,11.103117956060066,0.1263268144916611,1.6286109759566014,0.06922580157928675,11.248505386743537,0.14010175293646596
50,1.1820602859929537,0.05818707280090702,9.78961495201799,0.1361038165510147,1.3134988353761337,0.045689607703405535,10.295980992899596,0.1033916082930335,1.3801149973740905,0.10867722238349595,10.39222579426099,0.23821357085585299,1.3981900820746638,0.05114710288554965,10.713287218447258,0.1144121649678399,1.1750096475245952,0.1343580059388715,10.495767661260546,0.39008272580444586,1.2936469162565365,0.12373584503644174,10.940423753691137,0.34739660943012374,1.7136215911257866,0.1024091520729605,11.172353740617243,0.19644924336740058,1.4923151670669814,0.06131322370941883,10.977909687227207,0.13096645425912704
51,1.2520193305195357,0.05023263631726839,10.007081113887478,0.11480329752370032,1.3312293137423379,0.042114666971945,10.354355265401114,0.09479714296017541,1.3674346527481966,0.06510414962679499,10.416897097342737,0.14417551619947808,1.345994008964793,0.07058913194466376,10.62550090559988,0.16168482413887608,1.154868989600654,0.13399062011505486,10.383481098471105,0.3900116133431514,1.0001533557103683,0.10207977213225686,10.105782510113249,0.32018353905112185,1.7145976038356048,0.07595424491758586,11.23363976020173,0.14641328079581933,1.7992071477768787,0.07784473343299395,11.470797235233878,0.14639898283851072
52,1.234661335774177,0.04108533405773542,9.956204169985668,0.094462770143312,1.3711597260791306,0.04694226953449797,10.387849592937217,0.10341841665798979,1.3647722031918579,0.07672523911566492,10.49114918727542,0.17144165855300694,1.3240813935406512,0.0644542322310292,10.56495185053882,0.14878867598676818,0.817381343858778,0.1393181953051258,9.30753805380313,0.4593537432917892,1.1367222203079073,0.12980114469963205,10.308481506229931,0.3795816679063466,1.7073336868363704,0.11118518866474981,11.211488051058703,0.21475545892992615,1.6507137617931733,0.07594880299658602,11.2081741166862,0.15128932698823225
53,1.1944195615992128,0.05505771781815708,9.86419820928892,0.12873504837522756,1.4035843726740287,0.0474397440553972,10.463760671998832,0.10323012549509147,1.3162375038740068,0.08111856687838541,10.268967438448154,0.18275242218542945,1.3627984309216497,0.06466432942682802,10.641666123768893,0.146808477815832,0.947346813855096,0.1379068568725856,9.818024049431358,0.4363113100892925,1.2223149320353273,0.12779727774999153,10.664280205404403,0.36575808941031535,1.8203610727751007,0.0795621287540109,11.444997349980287,0.14764108985201316,1.7163152433258835,0.06151731772692612,11.364132813692128,0.11983378692465792
54,1.3261947233773408,0.05135671362208099,10.113691662387799,0.11318842201384974,1.3686821065971637,0.03662977399507468,10.43503381508321,0.08120107003309808,1.2925576739246796,0.07042223670273308,10.181508585381474,0.159635740652289,1.4823798790716862,0.0492638315138755,10.930060667885147,0.1069527275408522,1.1219988138420571,0.1382732330547324,10.392356000815369,0.4112353185401026,0.9457967068120027,0.11328332842993627,9.88454822907378,0.3610570416087458,1.6212470086942945,0.05754690759438719,11.127371279921661,0.11570211357389025,1.877305858667522,0.06257580617552382,11.786548187678646,0.1160606112475859
55,1.2371891275450473,0.05468841037652752,9.922667119918215,0.12509719436360014,1.3298931169666723,0.04530320461183071,10.35602266350187,0.10207660498196558,1.2949907432204162,0.060969478903398135,10.20978953555729,0.13838935946834843,1.3074452955293505,0.047090023897861016,10.510378168990908,0.10926391168961193,0.958877115720223,0.10586859118195695,9.879773901086164,0.33428291817444505,1.4708714303713604,0.17698932072480075,11.22930772141794,0.4596386147942404,1.6656881635692098,0.09515850396541564,11.019405325479976,0.18486342113409612,1.8470208355934463,0.05625316784967444,11.657208027528608,0.10483171711253134
56,1.3639906229540228,0.057719772048400314,10.20528585022371,0.1254120585275864,1.406407582303422,0.04309732310051042,10.555218849389721,0.09446427223312306,1.409444004521952,0.07549598895665227,10.427184650716935,0.16310592832025964,1.4017273039847673,0.07123440315782005,10.659949735662234,0.15818618004191418,1.2153051606058345,0.10796903328943272,10.726042248114098,0.3120113237710652,1.2847628458318334,0.14130681933078837,10.754652308946156,0.3925291965365227,1.6505471561259164,0.07649547176390677,11.191576814456807,0.1521693801562591,1.6712993411819639,0.06926049657989364,11.22675269465214,0.13662804417867924
57,1.302256570930983,0.05176189889411625,10.06718504763303,0.11526724897469616,1.3404964008729856,0.03925207507554237,10.395392806624335,0.08820242269317614,1.1654065917150873,0.06275718622041856,9.799735571138287,0.14858904293146333,1.3869848864356178,0.05017207430686154,10.683757817152905,0.11268134221982024,0.8125101117404393,0.14590037444510515,9.311906658948866,0.482964987874761,1.6448776304735102,0.20012243797985607,11.734024084618914,0.49252858600737565,1.4769875913962767,0.08788650023473038,10.77844936227768,0.1860300650852785,1.6931371091101506,0.06850139756178376,11.318707630633348,0.13460086920429967
58,1.3361798262008355,0.05616403883635346,10.187438017370708,0.12393665146231113,1.3945938811525744,0.03852809707649547,10.492810898863425,0.08454088584600011,1.28243518857255,0.06854864254096683,10.146024550599648,0.15583186514916839,1.3755622876123768,0.06459657207932405,10.6970995907248,0.14628630630842449,1.331623455206107,0.13003211272846094,10.888276942064401,0.35538903142036776,1.327074677600355,0.1374991861226913,10.946868332865549,0.3786872369338395,1.452853360045477,0.06005658402414731,10.737944086221338,0.12847281608990607,1.6135276882231355,0.07779230811282536,11.197364807968153,0.1580620953263922
59,1.3301431974945814,0.05197083338628141,10.109240037666176,0.11420682771749596,1.385049717475551,0.0440403629343665,10.46361435924081,0.09692366913220112,1.242481657105368,0.05590973864796235,10.198281797316914,0.1310979368139974,1.3218029433956013,0.07112753178911843,10.535604832057452,0.1639579541117921,0.8786923464598537,0.16953601933453355,9.592896167287435,0.5504243096868663,1.0100679534930903,0.12632454052242173,10.009982883019314,0.3901378009686279,1.512675733302219,0.07190068336170642,10.82132847024389,0.14963065234609382,1.80056617751825,0.08104645240557301,11.457274432162041,0.1521331895770067
60,1.247554187063461,0.05140492955643844,9.982592764414743,0.11752518161628663,1.3857888926654047,0.03442901094804027,10.51920896247467,0.07615186073234718,1.1914463916048401,0.0797675827656061,10.085090629316806,0.1911833877851162,1.3998641337397455,0.07167391693476796,10.620963814001161,0.15874195614075348,1.1360482610958522,0.15584656729092664,10.51493017690555,0.46444476818882485,1.250150215081731,0.18272293705298764,10.705173262593032,0.5160201121290403,1.3681741984450386,0.07777347494834216,10.497748855593379,0.1712362382143483,1.470959318430503,0.0680799662955972,10.902697227256587,0.14626284901091585
61,1.2215171538586265,0.05207608634218212,9.923442419920365,0.1203538230133869,1.3750781222730097,0.03806632082158882,10.446293406023788,0.08414710038649321,1.4290300174446742,0.07777764798329753,10.544788122608098,0.16798664538345656,1.438649261458761,0.05944580710421716,10.674769867311635,0.12927554677897285,1.0521253151323755,0.10882661943084676,10.221266815484576,0.33335152065849216,1.3677589596529454,0.16788877236819721,11.075105442701076,0.4564509143041424,1.5468258465336946,0.05354623113062255,10.909083109723097,0.1101283875135953,1.618073494222409,0.07529560977747102,11.170385676484823,0.15223589725789305
62,1.2246774509000653,0.05262375852816272,9.909988795591822,0.12119948239456303,1.4112659756578678,0.04021259547980548,10.55313251817709,0.08786339389167838,1.3138804535311668,0.06480020291686472,10.330933344159218,0.14711482159797473,1.3084835103089436,0.04983865882986861,10.527535085340286,0.11576020558905348,1.313469847879635,0.14323829783798672,11.006381797579772,0.3996811081421865,1.2213258025056504,0.1385171947949629,10.680998885943735,0.39725742162991207,1.6674699782418059,0.07083079809551643,11.08008720617287,0.1382141478397222,1.454862620591839,0.05771270828181859,10.757017292084907,0.12352746368507764
63,1.2160473490129773,0.050835999755587766,9.931622297830792,0.11800901715269302,1.4341934766684914,0.04003781652417298,10.550145885722305,0.08625133449984669,1.2547373848873413,0.06067873410012938,10.179077708897111,0.14088436721833875,1.3908496600626647,0.05123899635385428,10.63083333619825,0.11421909614345482,1.3600619003550127,0.18037087505927815,10.996454265339144,0.4893285957027955,1.0403178234700687,0.12054338688867329,10.199954123999328,0.37138256691813,1.4830299016809572,0.052716191692155835,10.793040321026053,0.11133710509045,1.847870602687763,0.06239001293016706,11.618375886185452,0.1158332372631409
64,1.2594684647977852,0.050142646923908366,9.978365641699517,0.11371162183733607,1.3424301647644246,0.03761569856558783,10.374910541125022,0.08425203730575832,1.3895401591114689,0.0901405151650271,10.420618872375774,0.19699666290609133,1.3371523372259042,0.07410651965399724,10.522924066081279,0.16898136475254166,1.310475383299124,0.15166728295314238,10.868797803925077,0.41901698125949804,1.5725555984569195,0.17133446242029837,11.587654933280053,0.4332160110224571,1.7010224578955437,0.07720122811825264,11.31017518906465,0.1509306711285366,1.703120639884816,0.07081608471156303,11.31354132769245,0.13832984711014845
65,1.3577645792960327,0.05128946669977086,10.231997773565764,0.11217297704533906,1.4202398604725397,0.04080153940751936,10.548099172814357,0.0886227116958938,1.269600054609051,0.06394808396549163,10.27881020733977,0.14854726275030075,1.2986642381137903,0.06888976253470112,10.527925986241417,0.16101270448936414,0.9969428846531654,0.18573746647490047,10.242626105562966,0.5912231394228297,1.528663669281746,0.14719932950178846,11.4789377419201,0.37787154126553735,1.5210245740126243,0.07061170658315798,10.938828312596097,0.14780341792112625,1.8908089438543945,0.09655660256073205,11.575706429086681,0.17469267457994053
66,1.3082835492245402,0.045345855459368714,10.17520113475347,0.10170766995040689,1.3909955274123549,0.042862550050703524,10.493467205384242,0.09426513136837038,1.2926896804539407,0.07651128449935776,10.13494743699409,0.1726071003470462,1.473485632323138,0.058195813065968494,10.94691039733767,0.1272139348163507,1.289799970914694,0.12826957879196357,10.751922468232793,0.355161614440113,1.3963186358557342,0.16094703265481058,11.045454661016228,0.42936248896406665,1.3959660769509699,0.07639817944727448,10.737867817363497,0.16910813302244687,1.7533974179769158,0.0807784402762113,11.471906133642793,0.15568289693356743
67,1.252059186639053,0.04889110857036199,9.971935937090874,0.11133048692132391,1.3528878860875013,0.04348693979446194,10.407621383098949,0.0970854890067569,1.3215775915897443,0.08411819626480405,10.110582452239777,0.185873078400346,1.5371902569751428,0.062018490555392373,11.021925754422336,0.13152039591518663,1.172189971819127,0.1533875350782704,10.551312686865117,0.4483123555804067,1.2727336362475774,0.15062980644792842,10.832669979908772,0.42429227662984426,1.6039850716325927,0.056403522932896764,11.02509549941635,0.11346956817360275,1.7432882289660099,0.06643748641644663,11.337757635634933,0.12725194223734532
68,1.2255750790871933,0.04806258526849998,9.950459346351932,0.1110946062910661,1.3657795074088857,0.039343021906111574,10.40882364800226,0.08714596932353146,1.1854251871219188,0.06765819876139555,10.00258593250937,0.16143812302464763,1.4521722510084971,0.06411366595771323,10.973028427601491,0.14229021723113533,1.1861111002059823,0.17408266742438105,10.793504084958505,0.5152068948373283,1.3535364288965677,0.13559338810985525,11.083790373317782,0.3719771251016915,1.804739651596402,0.09818944371938872,11.479852352536144,0.1842653457969799,1.612453973460333,0.08329238897383352,11.097196202341584,0.1678429758828504
69,1.262332822177773,0.04568132496490487,10.04435618259024,0.10410784485524406,1.3836088440197154,0.03791757126854551,10.457039152151234,0.08346835488300663,1.3064756223310034,0.06437569445722856,10.29547896828181,0.14631632537595976,1.470245175149894,0.051143976871594686,10.954987964212405,0.1120994977598849,0.9290317966655903,0.15026434107131936,9.858464347356522,0.48326113284537414,1.18350061481175,0.14924220103697797,10.48941375892695,0.43077527491873774,1.6760530215255622,0.10018420145081652,11.176027021113194,0.1962336246100652,1.8147478971344067,0.05913119279295918,11.599879762224964,0.11152632805882044
70,1.2091273933532525,0.048591187162824935,9.914063767962256,0.11310493194707166,1.400072170141121,0.045481852399792314,10.481255249941354,0.0993529569362341,1.3501495630211626,0.0830201306559638,10.389591642996896,0.18532807461343084,1.4620562621963265,0.0519601080563002,10.89010899881643,0.11374511999500934,1.1226806776307152,0.15859113421072377,10.408726051926497,0.4721505666342548,1.1038887320791966,0.14778655442582278,10.381965489677338,0.4442162682497708,1.5842491107533805,0.0714117506451864,10.990453690516919,0.14482436554472836,1.6344665668947211,0.0793106567827429,11.135473857151892,0.15839914310245462
71,1.269605741197373,0.053959799782176306,10.068365844767577,0.12270282707894362,1.3686612808186414,0.04438741407105322,10.392147580778351,0.09798246962212999,1.386111999547678,0.04783425702485459,10.557158985084344,0.10617496939811383,1.4727568664671158,0.05025759890855084,10.886775092182738,0.10928563076671634,0.9584187221689865,0.13268966483893102,9.83145688375842,0.41718727331738426,1.0274080946172492,0.1485792121575425,10.263040838461608,0.4643310610697962,1.4552129903608424,0.0764030379547432,10.79226951402882,0.1640262302395816,1.4668387653983905,0.07784236851629653,10.803120443838914,0.16613358021064695
72,1.2642660343778522,0.054954237910958756,10.03354401074302,0.12494664830800595,1.4089353978890922,0.04107048694041576,10.50184433621831,0.08941442336119221,1.5084652075683394,0.08124647578068012,10.712377077550224,0.170126228122145,1.497016244269878,0.08228690468435795,11.000470827854631,0.17828844645774825,1.2138930432904658,0.1605213023278199,10.71411017652816,0.4637983838817729,0.9913631691398395,0.1183069799820407,10.096086071359712,0.3729344702967451,1.5324214975615595,0.0906953347382595,10.721774103681218,0.18490347615202504,1.715625806850613,0.05465403770860625,11.397142741137063,0.10681021233269872
73,1.234064116549345,0.05537337836238565,9.956431189680552,0.12736605925907052,1.3953878890302922,0.041564714833274,10.50584128309679,0.09127657682583117,1.4471838912535788,0.05086449230166429,10.691394247279476,0.11022554851758944,1.4417168540050185,0.08377103356228645,10.76674721133264,0.18345693719134254,1.3409455948722224,0.14188202565957897,11.050151208837162,0.3909931440888792,1.6335360170954165,0.14165071701928256,11.642879910938849,0.34819281271224944,1.5381077538401047,0.1064148253392026,10.939572097910515,0.22057090236990903,1.6270309578187763,0.06562013304973625,11.233865882464453,0.13275085356214497
74,1.2478443202501703,0.054805815080894854,9.984703713655106,0.12530426326260174,1.364061765511105,0.03477143844101712,10.446078349754192,0.07738617625362887,1.1799589623144053,0.0777924909629789,9.986013267359317,0.1859764026796294,1.3481080618598917,0.05909271833304996,10.557422532482997,0.13428184929586282,1.1088655748625416,0.15786960546775788,10.249166542309545,0.46737520494100193,0.9228597506524547,0.10373947869443054,9.64389028080353,0.32823628189216325,1.4893224159500922,0.07489711882761342,10.730021644048032,0.15669293394425868,1.7025771975536723,0.0762633354519625,11.332522945727453,0.14926170300250313
75,1.2310911124684967,0.04934659804927393,9.925419221298851,0.11335890478163119,1.4155543912683501,0.03909661634813388,10.540831773256388,0.0851004557957859,1.2374027247951611,0.07319096556162352,10.166822911532506,0.17163864779586283,1.4501357970238433,0.05314382870659608,10.775232048355079,0.1158921591741552,0.93564578416411,0.10430974885365209,9.787388897761065,0.3316973143287841,1.2739678801197936,0.1365548606480209,10.957815123685746,0.3884958130890537,1.5870464813871525,0.054818299078696515,11.015736107329447,0.11124828975783906,1.740715268635054,0.08368056593522315,11.348129143440248,0.1606460969878977
76,1.305642796413948,0.04821086453481826,10.13312690546236,0.10785284656835152,1.3300842153603694,0.03568248650178393,10.369690127665143,0.08049906125894198,1.4668473486152032,0.0641337370093344,10.62198179557535,0.13643693085332753,1.3669695089729004,0.048021790390700814,10.709623176365907,0.1094600647164596,0.7598657933858582,0.13077602085158474,9.235251310147566,0.44646092292329154,1.2365575351567704,0.11888927643835517,10.641066929678365,0.33664034957636735,1.4584239925224924,0.10014350321206109,10.855701761279443,0.2158281766628938,1.5771107110524238,0.07408728525929126,11.09022433861981,0.15221305885428196
77,1.23281310690318,0.05266428186502817,9.948002862958305,0.12112776494797745,1.4131525838250754,0.05588572680740492,10.478649328023623,0.12108067371188887,1.1694755602882876,0.08522596753679515,9.971533467881269,0.20486817485073475,1.4641153235387743,0.055112997139582676,10.770982282468228,0.1191387052277663,0.751044421401281,0.12015549512860449,9.16568625591529,0.4099890192719048,1.2742891750974044,0.11784380584378132,10.94236594675561,0.3347582170351783,1.7528174488289672,0.09400264636792113,11.35224905568203,0.1793559680195573,1.7628532505418189,0.07238960738546199,11.517353409061728,0.1393546379583666
78,1.2516525210272096,0.05562190972057226,9.982642900974161,0.12683056765652498,1.3872307157153838,0.03322288536113985,10.476349180185846,0.07311061256445496,1.3073202175982173,0.07606088362906532,10.18554705923555,0.1708820972203552,1.3453872688796062,0.051022284535396076,10.613817475568167,0.11677848552044733,0.9004730971903117,0.11948865601764247,9.680630895179208,0.3853391892793137,1.448775638197132,0.10566444940158427,11.219721902258781,0.277611662177094,1.3716156911558233,0.08711753994516253,10.576413265112915,0.19281782135656658,1.8543467488731862,0.08355704622533056,11.6118936971791,0.1545248908927317
79,1.2581890746689677,0.0507672764989578,10.003215500012407,0.11551848806890462,1.3575328526982406,0.044984913285617864,10.436875541734397,0.10043104262746078,1.4316112207844678,0.08174402860666005,10.537873900175196,0.17615932461134054,1.4462828371592058,0.055680745267441385,10.858778921969908,0.12267904372500045,0.7191613153164079,0.14404884592453288,9.087301159653947,0.49939246088325817,1.1043149579998124,0.126331892270301,10.365667671459086,0.3790685399707267,1.6377107458058935,0.0649498845756518,11.097623201803165,0.12904870170452798,1.5562530433605513,0.05619604513110722,11.143881598022457,0.11739695510225368
80,1.259345776906621,0.047207254286991955,10.045325427663759,0.10780310919672396,1.3354977239094137,0.050898998567178874,10.322308369154216,0.11390007517422505,1.2837284040876547,0.057515809957544406,10.170594173669432,0.1309689693609343,1.3929003458915454,0.060592418234446326,10.666877421252165,0.13537168052515255,0.97199401748018,0.1452274889889942,9.754269303448229,0.4491184661805025,0.837407973637621,0.09714769733585704,9.540610022787376,0.32312181448924066,1.5041678670338774,0.07334744204555814,10.946647568102208,0.15515230936580438,1.6564310573802166,0.08114834629754136,11.26319159527663,0.16191696290071803
81,1.3049155495741103,0.04438021468562949,10.133449417769699,0.09933220342131761,1.3617600634847362,0.0468863358070415,10.409833653030965,0.10412349180314262,1.3616194367894878,0.0475501722119432,10.434310944911203,0.10586297630764614,1.4598076784521694,0.07775059439277275,10.871059281478457,0.17012332106469644,1.1467179894721917,0.1472948148668369,10.418671073147726,0.4322954093371504,1.398893414099469,0.1444112439067621,11.058778381367599,0.38511240050909595,1.595239173380087,0.09223527532671459,10.993855277263123,0.1859508447474257,1.4680410186474884,0.055835062485191704,11.01089630714751,0.12134002010311301
82,1.2404047510794725,0.05165601248031828,9.961857726675433,0.11839373602877147,1.4252249583534735,0.041241943570785145,10.561970660666733,0.0894307758373002,1.298216804062537,0.0675952556871495,10.261420865337373,0.1539127281062456,1.3302344525524334,0.042649612416453445,10.611730758073776,0.0985226815382104,0.8993027525920682,0.13216612675374365,9.704890062117364,0.42756937446403087,1.1801671392859117,0.113383878638575,10.41584216588639,0.3258091240318216,1.592916527821305,0.09094535098920707,10.927115537211575,0.1824915995396267,1.654284532850851,0.0782280655418647,11.306162273093054,0.15686526359602362
83,1.2996020679697797,0.05292796806193594,10.083030790208953,0.11825381329543962,1.378422250470291,0.042093160080578305,10.452190316035994,0.09291137987893183,1.2833986238155115,0.07057072286866074,10.241974863226506,0.16189206318154717,1.5589306657364457,0.05492362472060991,11.154269380126642,0.1164473715558975,0.7654566392159177,0.11923420389384803,9.218303759481172,0.40467784975218657,1.1557647489776928,0.13391336437293308,10.586541045901608,0.396662746911769,1.6344271390977825,0.08131824050119485,11.117989602761249,0.1621603814586016,1.5314812689816513,0.07724207582730278,11.106958160860154,0.1631445788978741
84,1.2800133304417598,0.057111317304676695,10.05628746462684,0.12884780381123845,1.392695157254499,0.042875816526370625,10.473862456307033,0.09401475162346416,1.3178703337942597,0.08298380900738542,10.169396661486896,0.18489656872592666,1.3801429429302277,0.08081454075348615,10.636137815379277,0.18142686724946996,1.2187967588580293,0.15128584652068278,10.383582577326184,0.42328430849446963,1.1444231959919453,0.13016951899953902,10.301012851414239,0.37856155882374276,1.407378291072439,0.06277462317077133,10.596461914278509,0.13620452191138832,1.7804549445263276,0.06607022749013264,11.498915030733967,0.12580131438647393
85,1.3065082943122008,0.05161561165561754,10.098562443705319,0.11500084001409677,1.3651744816168172,0.044348890779309695,10.405432836264671,0.09823783573019673,1.366258285792074,0.07180494695313522,10.374400449195154,0.15846079667410115,1.3468850571848483,0.06191434596013726,10.553466094092673,0.14074634145383272,1.056172849896366,0.10697186080568578,10.254481538520098,0.3277969660655068,0.7287460751171948,0.12617101196229513,9.077088600579245,0.4338017998771122,1.5254872989726274,0.09734846991378675,10.668700886392594,0.19829333051574916,1.8161528914870744,0.06468303883949311,11.604551814565825,0.12195608011178286
86,1.2273485092616079,0.05090931607176709,9.91374020263961,0.11709235154693827,1.3625506293341765,0.039871130340559835,10.417548217527134,0.08856870634087526,1.4272362240922394,0.0650701958036526,10.611465393999568,0.1416112800847874,1.4919677626233763,0.074332252964866,10.937474622672454,0.16057795035452074,0.9548320068510343,0.1535694706431845,9.987537968487473,0.4911889751902299,1.5063502893415741,0.14265096679499178,11.342208744732982,0.3666195300604407,1.4782304199288587,0.09149881547667801,10.732826781730742,0.1927270405781361,1.6736114535318758,0.06407841723325082,11.445388546717108,0.12867577362748797
87,1.2864477272229649,0.05006612516202191,10.05719777323707,0.11250109357500629,1.3546878191193352,0.04644145583788701,10.376344513460824,0.10324484944977765,1.5294755877318238,0.062241326885979595,10.83215323512165,0.1302279300001669,1.3876201075099022,0.043258239930374975,10.682094240490457,0.0971001872979095,0.736194579454849,0.11967249547000415,9.144951254177352,0.41202620666204887,1.3192469600552714,0.12738145751702531,11.048090021257478,0.35547484239186633,1.5039253772755834,0.06474810226876784,10.714443258917267,0.13411565881409573,1.715907145489692,0.08668745214290988,11.419659970847684,0.16971822457900546
88,1.2781835795175103,0.05282941877662624,10.036267197894157,0.11908223589575687,1.35177893940507,0.04104580514687776,10.368268164766242,0.09134125704371446,1.434609647577502,0.08682349029271619,10.561335081616567,0.18719706338827172,1.3161995145780077,0.05598121625579702,10.495475573274318,0.1289909108118152,0.9810950524212492,0.19214931356791407,9.982634921238144,0.6034880149665987,1.1669984658850092,0.17381894419797012,10.449222806809086,0.5050792639641039,1.6091588138596364,0.07817198154107612,11.057046804875686,0.15725320975185322,1.484280625882847,0.06233016040679148,10.954317169776463,0.13348410056565396
89,1.2057127686831814,0.05387354155498482,9.859459959285239,0.12497026700087745,1.346278643753461,0.03814664465897542,10.39661330863763,0.08542051761843902,1.4310753982765507,0.07392898014918153,10.483020599762462,0.15851302603172746,1.4319719226055576,0.06496508965459409,10.71205884729616,0.1423586592067092,0.8246433277581418,0.13448697673873738,9.476574443890394,0.4485984190882519,0.9489068105216769,0.15279380971025536,9.845375792569586,0.48415338225103105,1.4852663560282615,0.07338755381718073,10.905051650663045,0.15637604774141048,1.6103599289174568,0.07515541442608166,11.11198341322044,0.151824080166712
90,1.3537532118807067,0.05577165878033352,10.224605615623965,0.12218865893496016,1.3659190038412896,0.03922476685084378,10.40245643962311,0.08682173472851436,1.3372462149917594,0.0766052455686645,10.425615547748798,0.17300431046102013,1.4163494636934715,0.060357055290491166,10.66862491592695,0.13295718411770485,0.9542538063943572,0.14802246576906686,9.798085843831137,0.4652341563676397,1.0465172851106022,0.11890216433469751,10.061208252534966,0.3602093730105278,1.7555903313648316,0.07159284158858016,11.36225888981777,0.13651425958875518,1.7360184280300743,0.08458059888726722,11.30484355590684,0.16217165851586218
91,1.2861327024709512,0.0640625836050758,10.050149168365094,0.1438767886711316,1.395212261803426,0.04936555022780559,10.46007192405658,0.10793166256543042,1.1261741858393086,0.06847789655058323,9.913783470982745,0.16846686448656442,1.3086588698974706,0.04299339332487149,10.62425144646342,0.10079461468084291,1.1304538369089185,0.118994611312173,10.48672923680192,0.35498718338846263,1.1148005503142508,0.1199808439835477,10.318320911884221,0.3560882199825237,1.6477480265483178,0.07656678582592226,11.203621406690404,0.15271034762284608,1.829226150697957,0.09199896053037357,11.603581750427496,0.17225852192810637
92,1.3079352703932623,0.04682881327754874,10.13298211311307,0.10460781787624794,1.3350927760950475,0.04282751614900314,10.36929907858952,0.09631210746482052,1.2134385065399431,0.08036067289784896,9.983092288048335,0.1878621972959637,1.3717133816995102,0.029096591155525008,10.706453185294174,0.06610840532663159,1.1713758194345913,0.14625482923363273,10.42404680127916,0.4228757811629745,1.3122371404391229,0.10823744795895235,11.028038633174011,0.30279137882594914,1.5218786265107127,0.05688021236318149,10.745605576093748,0.11692875625519715,1.6874697253727298,0.06284427570531098,11.31815095440269,0.12386282308545427
93,1.2531881941448992,0.059742438568611514,9.985683873303895,0.13613399626284708,1.3831517449452164,0.041613520183782775,10.489436080289618,0.09192282193631264,1.6258461677556242,0.06576729838790409,10.856512656217028,0.13052155522834424,1.400482165401979,0.0624887084600086,10.69791168639641,0.1393805961506414,0.8129027652178963,0.12782625903938458,9.349633005832702,0.4246179442590023,1.4575417629644614,0.11858910820417777,11.409527245598355,0.3149075510801305,1.558717770005237,0.06576572511279627,10.912112656210807,0.134377386407461,1.5437098231417843,0.07146594788955929,11.143888102297593,0.15037616496358067
94,1.2699518940313204,0.0536728186150181,10.024692038358232,0.12147811668638224,1.3593908630503175,0.044637705227063215,10.4132807214708,0.09930920707336449,1.347981045370236,0.069819675747769,10.285341460791328,0.1544562617147228,1.4789127793832555,0.07182422350179103,10.91975268736558,0.1561000146209165,1.42407251346645,0.1350619114654444,11.21190340870417,0.35960795533887996,1.0939086872496357,0.1464663467945837,10.202160553198313,0.43591407085106604,1.6199352969186527,0.08291024536012322,11.047062712458972,0.16563059466291832,1.719674440869824,0.04601698351513915,11.401159726769626,0.08976473737726264
95,1.3381018101605633,0.061021305145434475,10.192306688348555,0.13455977327827431,1.3510790182319303,0.037621407013125836,10.453784007333631,0.08446951206270117,1.1881958634783247,0.08458519646202238,9.960222643286976,0.20057991330907773,1.425196542631811,0.06287542940396286,10.879003743139995,0.14056888851831442,1.0711213133985398,0.1880594056366698,10.187686272958583,0.5672356598964164,1.0924796199441862,0.09510893129964021,10.424216100713512,0.28907075289606654,1.6351109988313735,0.09629436433601421,10.945521883094484,0.1890124741367068,1.699778179456232,0.06769935199496883,11.348621498070532,0.13288932888834568
96,1.2615833342508902,0.050552512298086084,10.00374577206863,0.11478500733804055,1.388120129645507,0.04056329514296122,10.470344532411637,0.08916260201210549,1.3272773692288593,0.08288411539750676,10.376268575009025,0.1874366854580311,1.3843827143990508,0.07097019663559959,10.66606136169117,0.1593735434267628,1.1843035412227934,0.1444197697445358,10.584063769953893,0.4201486279940629,1.083619298480089,0.1319161258087309,10.238571427060608,0.3965305615026915,1.5864417588580664,0.08080589226504338,10.854023068522467,0.16166783193890694,1.7124113119246145,0.07255393846515644,11.375358978044414,0.141771278045845
97,1.2468248619854572,0.04915349955153359,9.967082081958466,0.11225102924059903,1.419377698193091,0.03900114169208344,10.543348673242464,0.08471701774832356,1.332843496818382,0.0687439712619826,10.395579167035228,0.15521600237515323,1.4927395267589838,0.07051245215475396,10.979189057908556,0.15285644779143784,0.6663769529790295,0.14078296010454477,8.837676439055008,0.4951251049361244,1.2529413593936967,0.16244440665878576,10.926905103031501,0.4668085453883751,1.420572882109602,0.08461261773481889,10.636936164338277,0.18281853502765147,1.5195647362174998,0.06064821874782718,11.049176449433784,0.12832076131049716
98,1.25507054774871,0.05334561673428187,9.995588617565762,0.12153412554169898,1.3634844988879942,0.03983420265212295,10.400385622732248,0.08828534297772078,1.2668092707135705,0.06622437103049839,10.27537214073482,0.15405737667431052,1.4393102899929064,0.058713058345245116,10.831645742361133,0.12956749387827937,1.1055513629038727,0.12727696349850728,10.362432132442587,0.38149145046644206,1.5262209130610025,0.1402096727872382,11.487761993647933,0.3606686184558049,1.545984502483504,0.09923102768580572,10.841423905220312,0.20293790130410477,1.7937900133466227,0.06049095056206816,11.47866609636656,0.11416651274187553
99,1.2738183442648592,0.051670280590251666,10.03684666809798,0.11680206629277386,1.4136617082093117,0.04676120674314516,10.511253387998561,0.10160563123258937,1.087737399070293,0.07380195483133367,9.77365219808187,0.18369875607425545,1.3843707748414633,0.06530148119659422,10.665089074310833,0.14663092555506604,0.8505940390564506,0.12546452787264475,9.50284732146338,0.4118653805199966,1.4808602813047387,0.11986510661573045,11.496593057861084,0.31639735950359105,1.650327124492781,0.0902321009435766,11.149352948558152,0.17884790265944397,1.5303222035452193,0.0778331566576313,10.959229966166854,0.1623426089588716
